{
  "case": {
    "case_id": "group_index_silicon_strip",
    "description": "Silicon strip with group index and dispersion calculation enabled.",
    "requires": [],
    "suite": "smoke",
    "tags": [
      "axis:z",
      "group_index",
      "dispersion",
      "target_neff"
    ],
    "tolerances": {
      "field_rel": 5e-06,
      "n_complex_atol": 5e-08,
      "n_group_atol": 5e-05
    }
  },
  "environment": {
    "numpy": "2.3.5",
    "platform": "macOS-15.6-arm64-arm-64bit-Mach-O",
    "python": "3.13.9",
    "reference_solver_version": "2.11.2"
  },
  "eps_spec": [
    "diagonal",
    "diagonal",
    "diagonal"
  ],
  "fields": {
    "Ex": {
      "coords": {
        "f": {
          "len": 3,
          "max": 194670427272727.28,
          "min": 192174652564102.56
        },
        "mode_index": {
          "len": 2,
          "max": 1.0,
          "min": 0.0
        },
        "x": {
          "len": 59,
          "max": 2.5,
          "min": -2.5
        },
        "y": {
          "len": 54,
          "max": 2.5,
          "min": -2.5
        },
        "z": {
          "len": 1,
          "max": 0.0,
          "min": 0.0
        }
      },
      "dims": [
        "x",
        "y",
        "z",
        "f",
        "mode_index"
      ],
      "dtype": "complex128",
      "norms_by_f_mode": [
        [
          {
            "l2": 374.6339105502655,
            "max_abs": 62.97028647325577,
            "nonzero": 3091
          },
          {
            "l2": 103.91955106541663,
            "max_abs": 23.319666941424686,
            "nonzero": 3087
          }
        ],
        [
          {
            "l2": 374.85529868168464,
            "max_abs": 62.775285909192476,
            "nonzero": 3089
          },
          {
            "l2": 104.31668483555751,
            "max_abs": 23.451854492597114,
            "nonzero": 3084
          }
        ],
        [
          {
            "l2": 375.0825485394523,
            "max_abs": 62.5791661575715,
            "nonzero": 3086
          },
          {
            "l2": 104.65611119805175,
            "max_abs": 23.5702137410326,
            "nonzero": 3084
          }
        ]
      ],
      "shape": [
        59,
        54,
        1,
        3,
        2
      ]
    },
    "Ey": {
      "coords": {
        "f": {
          "len": 3,
          "max": 194670427272727.28,
          "min": 192174652564102.56
        },
        "mode_index": {
          "len": 2,
          "max": 1.0,
          "min": 0.0
        },
        "x": {
          "len": 59,
          "max": 2.5,
          "min": -2.5
        },
        "y": {
          "len": 54,
          "max": 2.5,
          "min": -2.5
        },
        "z": {
          "len": 1,
          "max": 0.0,
          "min": 0.0
        }
      },
      "dims": [
        "x",
        "y",
        "z",
        "f",
        "mode_index"
      ],
      "dtype": "complex128",
      "norms_by_f_mode": [
        [
          {
            "l2": 31.732292986968627,
            "max_abs": 7.777244324614545,
            "nonzero": 3110
          },
          {
            "l2": 434.8154393919577,
            "max_abs": 56.92449736580967,
            "nonzero": 3099
          }
        ],
        [
          {
            "l2": 32.32133920334675,
            "max_abs": 7.902944374753833,
            "nonzero": 3104
          },
          {
            "l2": 435.57333045857376,
            "max_abs": 56.903825195266634,
            "nonzero": 3110
          }
        ],
        [
          {
            "l2": 32.91770933083335,
            "max_abs": 8.029714168424075,
            "nonzero": 3102
          },
          {
            "l2": 436.22918203002587,
            "max_abs": 56.85395118952275,
            "nonzero": 3101
          }
        ]
      ],
      "shape": [
        59,
        54,
        1,
        3,
        2
      ]
    },
    "Ez": {
      "coords": {
        "f": {
          "len": 3,
          "max": 194670427272727.28,
          "min": 192174652564102.56
        },
        "mode_index": {
          "len": 2,
          "max": 1.0,
          "min": 0.0
        },
        "x": {
          "len": 59,
          "max": 2.5,
          "min": -2.5
        },
        "y": {
          "len": 54,
          "max": 2.5,
          "min": -2.5
        },
        "z": {
          "len": 1,
          "max": 0.0,
          "min": 0.0
        }
      },
      "dims": [
        "x",
        "y",
        "z",
        "f",
        "mode_index"
      ],
      "dtype": "complex128",
      "norms_by_f_mode": [
        [
          {
            "l2": 186.88231187211545,
            "max_abs": 29.56477155720998,
            "nonzero": 2996
          },
          {
            "l2": 335.383597615745,
            "max_abs": 45.30727579643783,
            "nonzero": 2995
          }
        ],
        [
          {
            "l2": 188.43582714199587,
            "max_abs": 29.730596713598107,
            "nonzero": 2995
          },
          {
            "l2": 332.9433435637981,
            "max_abs": 44.68619393204741,
            "nonzero": 2992
          }
        ],
        [
          {
            "l2": 189.99075795739088,
            "max_abs": 29.895565051604393,
            "nonzero": 2995
          },
          {
            "l2": 330.3499329631787,
            "max_abs": 44.04949889315714,
            "nonzero": 2996
          }
        ]
      ],
      "shape": [
        59,
        54,
        1,
        3,
        2
      ]
    },
    "Hx": {
      "coords": {
        "f": {
          "len": 3,
          "max": 194670427272727.28,
          "min": 192174652564102.56
        },
        "mode_index": {
          "len": 2,
          "max": 1.0,
          "min": 0.0
        },
        "x": {
          "len": 59,
          "max": 2.5,
          "min": -2.5
        },
        "y": {
          "len": 54,
          "max": 2.5,
          "min": -2.5
        },
        "z": {
          "len": 1,
          "max": 0.0,
          "min": 0.0
        }
      },
      "dims": [
        "x",
        "y",
        "z",
        "f",
        "mode_index"
      ],
      "dtype": "complex128",
      "norms_by_f_mode": [
        [
          {
            "l2": 0.4979083154015978,
            "max_abs": 0.07705364079637993,
            "nonzero": 3096
          },
          {
            "l2": 3.024525560738208,
            "max_abs": 0.5200148510561182,
            "nonzero": 3104
          }
        ],
        [
          {
            "l2": 0.5016648507049315,
            "max_abs": 0.077473699171714,
            "nonzero": 3105
          },
          {
            "l2": 3.000411108398392,
            "max_abs": 0.5122054422806755,
            "nonzero": 3103
          }
        ],
        [
          {
            "l2": 0.5053933299289182,
            "max_abs": 0.0778880074311792,
            "nonzero": 3102
          },
          {
            "l2": 2.975760085271954,
            "max_abs": 0.5043186835364244,
            "nonzero": 3104
          }
        ]
      ],
      "shape": [
        59,
        54,
        1,
        3,
        2
      ]
    },
    "Hy": {
      "coords": {
        "f": {
          "len": 3,
          "max": 194670427272727.28,
          "min": 192174652564102.56
        },
        "mode_index": {
          "len": 2,
          "max": 1.0,
          "min": 0.0
        },
        "x": {
          "len": 59,
          "max": 2.5,
          "min": -2.5
        },
        "y": {
          "len": 54,
          "max": 2.5,
          "min": -2.5
        },
        "z": {
          "len": 1,
          "max": 0.0,
          "min": 0.0
        }
      },
      "dims": [
        "x",
        "y",
        "z",
        "f",
        "mode_index"
      ],
      "dtype": "complex128",
      "norms_by_f_mode": [
        [
          {
            "l2": 3.0448144016829115,
            "max_abs": 0.5403031494053374,