{
  "case": {
    "case_id": "rib_waveguide_silicon",
    "description": "Silicon rib waveguide with shallow slab and raised ridge.",
    "requires": [],
    "suite": "extended",
    "tags": [
      "axis:z",
      "geometry:rib",
      "multi_structure",
      "dielectric"
    ],
    "tolerances": {
      "field_rel": 2e-05,
      "n_complex_atol": 5e-08
    }
  },
  "environment": {
    "numpy": "2.4.4",
    "platform": "macOS-15.6-arm64-arm-64bit-Mach-O",
    "python": "3.13.9",
    "reference_solver_version": "2.11.2"
  },
  "fields": {
    "Ex": {
      "coords": {
        "f": {
          "len": 1,
          "max": 193414489032258.06,
          "min": 193414489032258.06
        },
        "mode_index": {
          "len": 3,
          "max": 2.0,
          "min": 0.0
        },
        "x": {
          "len": 48,
          "max": 1.277083333333334,
          "min": -1.2770833333333333
        },
        "y": {
          "len": 24,
          "max": 0.7694444444444444,
          "min": -0.7811285097192224
        },
        "z": {
          "len": 1,
          "max": 0.0,
          "min": 0.0
        }
      },
      "dims": [
        "x",
        "y",
        "z",
        "f",
        "mode_index"
      ],
      "dtype": "complex128",
      "norms_by_f_mode": [
        [
          {
            "l2": 382.5327546629814,
            "max_abs": 56.18740611420219,
            "nonzero": 1038
          },
          {
            "l2": 129.50562232722535,
            "max_abs": 16.870714027804098,
            "nonzero": 1039
          },
          {
            "l2": 404.35750776663093,
            "max_abs": 47.94946649853631,
            "nonzero": 1047
          }
        ]
      ],
      "shape": [
        48,
        24,
        1,
        1,
        3
      ]
    },
    "Ey": {
      "coords": {
        "f": {
          "len": 1,
          "max": 193414489032258.06,
          "min": 193414489032258.06
        },
        "mode_index": {
          "len": 3,
          "max": 2.0,
          "min": 0.0
        },
        "x": {
          "len": 48,
          "max": 1.277083333333334,
          "min": -1.2770833333333333
        },
        "y": {
          "len": 24,
          "max": 0.7694444444444444,
          "min": -0.7811285097192224
        },
        "z": {
          "len": 1,
          "max": 0.0,
          "min": 0.0
        }
      },
      "dims": [
        "x",
        "y",
        "z",
        "f",
        "mode_index"
      ],
      "dtype": "complex128",
      "norms_by_f_mode": [
        [
          {
            "l2": 48.16123102792193,
            "max_abs": 13.0839991422597,
            "nonzero": 1112
          },
          {
            "l2": 377.364113462505,
            "max_abs": 48.10563268942073,
            "nonzero": 1110
          },
          {
            "l2": 143.64638684588334,
            "max_abs": 21.134379755411604,
            "nonzero": 1111
          }
        ]
      ],
      "shape": [
        48,
        24,
        1,
        1,
        3
      ]
    },
    "Ez": {
      "coords": {
        "f": {
          "len": 1,
          "max": 193414489032258.06,
          "min": 193414489032258.06
        },
        "mode_index": {
          "len": 3,
          "max": 2.0,
          "min": 0.0
        },
        "x": {
          "len": 48,
          "max": 1.277083333333334,
          "min": -1.2770833333333333
        },
        "y": {
          "len": 24,
          "max": 0.7694444444444444,
          "min": -0.7811285097192224
        },
        "z": {
          "len": 1,
          "max": 0.0,
          "min": 0.0
        }
      },
      "dims": [
        "x",
        "y",
        "z",
        "f",
        "mode_index"
      ],
      "dtype": "complex128",
      "norms_by_f_mode": [
        [
          {
            "l2": 176.379824638153,
            "max_abs": 24.63020205594607,
            "nonzero": 1021
          },
          {
            "l2": 327.5530761631596,
            "max_abs": 44.44922713161253,
            "nonzero": 1022
          },
          {
            "l2": 272.85717515320835,
            "max_abs": 41.58302000056841,
            "nonzero": 1030
          }
        ]
      ],
      "shape": [
        48,
        24,
        1,
        1,
        3
      ]
    },
    "Hx": {
      "coords": {
        "f": {
          "len": 1,
          "max": 193414489032258.06,
          "min": 193414489032258.06
        },
        "mode_index": {
          "len": 3,
          "max": 2.0,
          "min": 0.0
        },
        "x": {
          "len": 48,
          "max": 1.277083333333334,
          "min": -1.2770833333333333
        },
        "y": {
          "len": 24,
          "max": 0.7694444444444444,
          "min": -0.7811285097192224
        },
        "z": {
          "len": 1,
          "max": 0.0,
          "min": 0.0
        }
      },
      "dims": [
        "x",
        "y",
        "z",
        "f",
        "mode_index"
      ],
      "dtype": "complex128",
      "norms_by_f_mode": [
        [
          {
            "l2": 0.3897135020370624,
            "max_abs": 0.06060276915220094,
            "nonzero": 1106
          },
          {
            "l2": 3.3996548037077203,
            "max_abs": 0.5574175458127327,
            "nonzero": 1110
          },
          {
            "l2": 1.2101344279002648,
            "max_abs": 0.21794709376746443,
            "nonzero": 1113
          }
        ]
      ],
      "shape": [
        48,
        24,
        1,
        1,
        3
      ]
    },
    "Hy": {
      "coords": {
        "f": {
          "len": 1,
          "max": 193414489032258.06,
          "min": 193414489032258.06
        },
        "mode_index": {
          "len": 3,
          "max": 2.0,
          "min": 0.0
        },
        "x": {
          "len": 48,
          "max": 1.277083333333334,
          "min": -1.2770833333333333
        },
        "y": {
          "len": 24,
          "max": 0.7694444444444444,
          "min": -0.7811285097192224
        },
        "z": {
          "len": 1,
          "max": 0.0,
          "min": 0.0
        }
      },
      "dims": [
        "x",
        "y",
        "z",
        "f",
        "mode_index"
      ],
      "dtype": "complex128",
      "norms_by_f_mode": [
        [
          {
            "l2": 3.1821010769955924,
            "max_abs": 0.49528753934776704,
            "nonzero": 1043
          },
          {
            "l2": 0.5916036403972195,
            "max_abs": 0.08745839364384772,
            "nonzero": 1048
          },
          {
            "l2": 2.915548623905555,
            "max_abs": 0.34957501887320025,
            "nonzero": 1041
          }
        ]
      ],
      "shape": [
        48,
        24,
        1,
        1,
        3
      ]
    },
    "Hz": {
      "coords": {
        "f": {
          "len": 1,
          "max": 193414489032258.06,
          "min": 193414489032258.06
        },
        "mode_index": {
          "len": 3,
          "max": 2.0,
          "min": 0.0
        },
        "x": {
          "len": 48,
          "max": 1.277083333333334,
          "min": -1.2770833333333333
        },
        "y": {
          "len": 24,
          "max": 0.7694444444444444,
          "min": -0.7811285097192224
        },
        "z": {
          "len": 1,
          "max": 0.0,
          "min": 0.0
        }
      },
      "dims": [
        "x",
        "y",
        "z",
        "f",
        "mode_index"
      ],
      "dtype": "complex128",
      "norms_by_f_mode": [
        [
          {
            "l2": 1.3942329517770302,
            "max_abs": 0.20670950049948147,
            "nonzero": 1128
          },
          {
            "l2": 1.1732071602840346,
            "max_abs": 0.18876403123927757,
            "nonzero": 1128
          },
          {
            "l2": 1.168728101869509,
            "max_abs": 0.15454983075002512,
            "nonzero": 1128
          }
        ]
      ],