{
  "case": {
    "case_id": "cylindrical_rod_air",
    "description": "Circular high-index dielectric rod in air.",
    "requires": [],
    "suite": "extended",
    "tags": [
      "axis:z",
      "geometry:cylinder",
      "circular",
      "outside_80_target",
      "rasterization"
    ],
    "tolerances": {
      "field_rel": 1e-05,
      "n_complex_atol": 5e-08
    }
  },
  "environment": {
    "numpy": "2.4.4",
    "platform": "macOS-15.6-arm64-arm-64bit-Mach-O",
    "python": "3.13.9",
    "reference_solver_version": "2.11.2"
  },
  "fields": {
    "Ex": {
      "coords": {
        "f": {
          "len": 1,
          "max": 193414489032258.06,
          "min": 193414489032258.06
        },
        "mode_index": {
          "len": 2,
          "max": 1.0,
          "min": 0.0
        },
        "x": {
          "len": 22,
          "max": 1.134507042253522,
          "min": -1.1345070422535213
        },
        "y": {
          "len": 22,
          "max": 1.134507042253522,
          "min": -1.1345070422535213
        },
        "z": {
          "len": 1,
          "max": 0.0,
          "min": 0.0
        }
      },
      "dims": [
        "x",
        "y",
        "z",
        "f",
        "mode_index"
      ],
      "dtype": "complex128",
      "norms_by_f_mode": [
        [
          {
            "l2": 170.51289088768655,
            "max_abs": 27.065642919992154,
            "nonzero": 445
          },
          {
            "l2": 203.31677071150878,
            "max_abs": 32.597376020023205,
            "nonzero": 445
          }
        ]
      ],
      "shape": [
        22,
        22,
        1,
        1,
        2
      ]
    },
    "Ey": {
      "coords": {
        "f": {
          "len": 1,
          "max": 193414489032258.06,
          "min": 193414489032258.06
        },
        "mode_index": {
          "len": 2,
          "max": 1.0,
          "min": 0.0
        },
        "x": {
          "len": 22,
          "max": 1.134507042253522,
          "min": -1.1345070422535213
        },
        "y": {
          "len": 22,
          "max": 1.134507042253522,
          "min": -1.1345070422535213
        },
        "z": {
          "len": 1,
          "max": 0.0,
          "min": 0.0
        }
      },
      "dims": [
        "x",
        "y",
        "z",
        "f",
        "mode_index"
      ],
      "dtype": "complex128",
      "norms_by_f_mode": [
        [
          {
            "l2": 203.31677071150884,
            "max_abs": 32.59737602002321,
            "nonzero": 446
          },
          {
            "l2": 170.5128908876866,
            "max_abs": 27.065642919992158,
            "nonzero": 454
          }
        ]
      ],
      "shape": [
        22,
        22,
        1,
        1,
        2
      ]
    },
    "Ez": {
      "coords": {
        "f": {
          "len": 1,
          "max": 193414489032258.06,
          "min": 193414489032258.06
        },
        "mode_index": {
          "len": 2,
          "max": 1.0,
          "min": 0.0
        },
        "x": {
          "len": 22,
          "max": 1.134507042253522,
          "min": -1.1345070422535213
        },
        "y": {
          "len": 22,
          "max": 1.134507042253522,
          "min": -1.1345070422535213
        },
        "z": {
          "len": 1,
          "max": 0.0,
          "min": 0.0
        }
      },
      "dims": [
        "x",
        "y",
        "z",
        "f",
        "mode_index"
      ],
      "dtype": "complex128",
      "norms_by_f_mode": [
        [
          {
            "l2": 170.10001195054173,
            "max_abs": 26.871193568348865,
            "nonzero": 412
          },
          {
            "l2": 170.1000119505417,
            "max_abs": 26.871193568348907,
            "nonzero": 410
          }
        ]
      ],
      "shape": [
        22,
        22,
        1,
        1,
        2
      ]
    },
    "Hx": {
      "coords": {
        "f": {
          "len": 1,
          "max": 193414489032258.06,
          "min": 193414489032258.06
        },
        "mode_index": {
          "len": 2,
          "max": 1.0,
          "min": 0.0
        },
        "x": {
          "len": 22,
          "max": 1.134507042253522,
          "min": -1.1345070422535213
        },
        "y": {
          "len": 22,
          "max": 1.134507042253522,
          "min": -1.1345070422535213
        },
        "z": {
          "len": 1,
          "max": 0.0,
          "min": 0.0
        }
      },
      "dims": [
        "x",
        "y",
        "z",
        "f",
        "mode_index"
      ],
      "dtype": "complex128",
      "norms_by_f_mode": [
        [
          {
            "l2": 1.017100275605617,
            "max_abs": 0.18818376267344533,
            "nonzero": 449
          },
          {
            "l2": 0.8494303979962812,
            "max_abs": 0.1564933331493155,
            "nonzero": 453
          }
        ]
      ],
      "shape": [
        22,
        22,
        1,
        1,
        2
      ]
    },
    "Hy": {
      "coords": {
        "f": {
          "len": 1,
          "max": 193414489032258.06,
          "min": 193414489032258.06
        },
        "mode_index": {
          "len": 2,
          "max": 1.0,
          "min": 0.0
        },
        "x": {
          "len": 22,
          "max": 1.134507042253522,
          "min": -1.1345070422535213
        },
        "y": {
          "len": 22,
          "max": 1.134507042253522,
          "min": -1.1345070422535213
        },
        "z": {
          "len": 1,
          "max": 0.0,
          "min": 0.0
        }
      },
      "dims": [
        "x",
        "y",
        "z",
        "f",
        "mode_index"
      ],
      "dtype": "complex128",
      "norms_by_f_mode": [
        [
          {
            "l2": 0.8494303979962811,
            "max_abs": 0.15649333314931485,
            "nonzero": 448
          },
          {
            "l2": 1.0171002756056169,
            "max_abs": 0.18818376267344458,
            "nonzero": 443
          }
        ]
      ],
      "shape": [
        22,
        22,
        1,
        1,
        2
      ]
    },
    "Hz": {
      "coords": {
        "f": {
          "len": 1,
          "max": 193414489032258.06,
          "min": 193414489032258.06
        },
        "mode_index": {
          "len": 2,
          "max": 1.0,
          "min": 0.0
        },
        "x": {
          "len": 22,
          "max": 1.134507042253522,
          "min": -1.1345070422535213
        },
        "y": {
          "len": 22,
          "max": 1.134507042253522,
          "min": -1.1345070422535213
        },
        "z": {
          "len": 1,
          "max": 0.0,
          "min": 0.0
        }
      },
      "dims": [
        "x",
        "y",
        "z",
        "f",
        "mode_index"
      ],
      "dtype": "complex128",
      "norms_by_f_mode": [
        [
          {
            "l2": 0.4811561738920762,
            "max_abs": 0.07436980270599194,
            "nonzero": 484
          },
          {
            "l2": 0.4811561738920763,
            "max_abs": 0.07436980270599201,
            "nonzero": 484
          }
        ]
      ],
      "shape": [
        22,
        22,
        1,
        1,
        2
      ]
    }
  },
  "generated_at": "2026-05-15T23:12:02+00:00",
  "scalars": {
    "dispersion": null,
    "mode_area": {
      "coords": {
        "f": {
          "len": 1,
          "max": 193414489032258.06,
          "min": 193414489032258.06
        },
        "mode_index": {
          "len": 2,
          "max": 1.0,
          "min": 0.0
        }
      },
      "dims": [
        "f",
        "mode_index"
      ],
      "values": {
        "dtype": "float64",
        "shape": [
          1,
          2
        ],
        "values": [
          [
            0.701357166026804,
            0.7013571660268032
          ]
        ]
      }
    },
    "n_complex": {
      "coords": {
        "f": {
          "len": 1,