{
  "case": {
    "case_id": "slot_waveguide_silicon",
    "description": "Silicon slot waveguide with two rails separated by a low-index slot.",
    "requires": [],
    "suite": "extended",
    "tags": [
      "axis:z",
      "geometry:slot",
      "multi_structure",
      "dielectric"
    ],
    "tolerances": {
      "field_rel": 2e-05,
      "n_complex_atol": 5e-08
    }
  },
  "environment": {
    "numpy": "2.4.4",
    "platform": "macOS-15.6-arm64-arm-64bit-Mach-O",
    "python": "3.13.9",
    "reference_solver_version": "2.11.2"
  },
  "fields": {
    "Ex": {
      "coords": {
        "f": {
          "len": 1,
          "max": 193414489032258.06,
          "min": 193414489032258.06
        },
        "mode_index": {
          "len": 3,
          "max": 2.0,
          "min": 0.0
        },
        "x": {
          "len": 36,
          "max": 1.1790852084101817,
          "min": -1.1790852084101808
        },
        "y": {
          "len": 22,
          "max": 0.7778018853808171,
          "min": -0.7778018853808171
        },
        "z": {
          "len": 1,
          "max": 0.0,
          "min": 0.0
        }
      },
      "dims": [
        "x",
        "y",
        "z",
        "f",
        "mode_index"
      ],
      "dtype": "complex128",
      "norms_by_f_mode": [
        [
          {
            "l2": 491.7283582637889,
            "max_abs": 92.5066097904486,
            "nonzero": 743
          },
          {
            "l2": 98.70011227381771,
            "max_abs": 24.22158664579133,
            "nonzero": 734
          },
          {
            "l2": 326.8680358923711,
            "max_abs": 42.8940113013873,
            "nonzero": 746
          }
        ]
      ],
      "shape": [
        36,
        22,
        1,
        1,
        3
      ]
    },
    "Ey": {
      "coords": {
        "f": {
          "len": 1,
          "max": 193414489032258.06,
          "min": 193414489032258.06
        },
        "mode_index": {
          "len": 3,
          "max": 2.0,
          "min": 0.0
        },
        "x": {
          "len": 36,
          "max": 1.1790852084101817,
          "min": -1.1790852084101808
        },
        "y": {
          "len": 22,
          "max": 0.7778018853808171,
          "min": -0.7778018853808171
        },
        "z": {
          "len": 1,
          "max": 0.0,
          "min": 0.0
        }
      },
      "dims": [
        "x",
        "y",
        "z",
        "f",
        "mode_index"
      ],
      "dtype": "complex128",
      "norms_by_f_mode": [
        [
          {
            "l2": 111.91482484065016,
            "max_abs": 26.576895909059274,
            "nonzero": 770
          },
          {
            "l2": 448.7565912435442,
            "max_abs": 50.47002853311632,
            "nonzero": 764
          },
          {
            "l2": 233.10317013736216,
            "max_abs": 29.49632519182636,
            "nonzero": 768
          }
        ]
      ],
      "shape": [
        36,
        22,
        1,
        1,
        3
      ]
    },
    "Ez": {
      "coords": {
        "f": {
          "len": 1,
          "max": 193414489032258.06,
          "min": 193414489032258.06
        },
        "mode_index": {
          "len": 3,
          "max": 2.0,
          "min": 0.0
        },
        "x": {
          "len": 36,
          "max": 1.1790852084101817,
          "min": -1.1790852084101808
        },
        "y": {
          "len": 22,
          "max": 0.7778018853808171,
          "min": -0.7778018853808171
        },
        "z": {
          "len": 1,
          "max": 0.0,
          "min": 0.0
        }
      },
      "dims": [
        "x",
        "y",
        "z",
        "f",
        "mode_index"
      ],
      "dtype": "complex128",
      "norms_by_f_mode": [
        [
          {
            "l2": 220.36100920516273,
            "max_abs": 36.7553808361034,
            "nonzero": 712
          },
          {
            "l2": 263.8194104654237,
            "max_abs": 33.05289484719956,
            "nonzero": 698
          },
          {
            "l2": 184.68656024208917,
            "max_abs": 27.788080954091104,
            "nonzero": 716
          }
        ]
      ],
      "shape": [
        36,
        22,
        1,
        1,
        3
      ]
    },
    "Hx": {
      "coords": {
        "f": {
          "len": 1,
          "max": 193414489032258.06,
          "min": 193414489032258.06
        },
        "mode_index": {
          "len": 3,
          "max": 2.0,
          "min": 0.0
        },
        "x": {
          "len": 36,
          "max": 1.1790852084101817,
          "min": -1.1790852084101808
        },
        "y": {
          "len": 22,
          "max": 0.7778018853808171,
          "min": -0.7778018853808171
        },
        "z": {
          "len": 1,
          "max": 0.0,
          "min": 0.0
        }
      },
      "dims": [
        "x",
        "y",
        "z",
        "f",
        "mode_index"
      ],
      "dtype": "complex128",
      "norms_by_f_mode": [
        [
          {
            "l2": 0.39793806832631307,
            "max_abs": 0.06824291088166054,
            "nonzero": 770
          },
          {
            "l2": 2.5375372005630954,
            "max_abs": 0.3620995910330341,
            "nonzero": 767
          },
          {
            "l2": 1.0963156762417474,
            "max_abs": 0.12579015835836654,
            "nonzero": 770
          }
        ]
      ],
      "shape": [
        36,
        22,
        1,
        1,
        3
      ]
    },
    "Hy": {
      "coords": {
        "f": {
          "len": 1,
          "max": 193414489032258.06,
          "min": 193414489032258.06
        },
        "mode_index": {
          "len": 3,
          "max": 2.0,
          "min": 0.0
        },
        "x": {
          "len": 36,
          "max": 1.1790852084101817,
          "min": -1.1790852084101808
        },
        "y": {
          "len": 22,
          "max": 0.7778018853808171,
          "min": -0.7778018853808171
        },
        "z": {
          "len": 1,
          "max": 0.0,
          "min": 0.0
        }
      },
      "dims": [
        "x",
        "y",
        "z",
        "f",
        "mode_index"
      ],
      "dtype": "complex128",
      "norms_by_f_mode": [
        [
          {
            "l2": 2.5400672579741093,
            "max_abs": 0.39919844108302327,
            "nonzero": 745
          },
          {
            "l2": 0.29548255129063145,
            "max_abs": 0.0644883299590247,
            "nonzero": 734
          },
          {
            "l2": 1.714976190012717,
            "max_abs": 0.21549742427155189,
            "nonzero": 741
          }
        ]
      ],
      "shape": [
        36,
        22,
        1,
        1,
        3
      ]
    },
    "Hz": {
      "coords": {
        "f": {
          "len": 1,
          "max": 193414489032258.06,
          "min": 193414489032258.06
        },
        "mode_index": {
          "len": 3,
          "max": 2.0,
          "min": 0.0
        },
        "x": {
          "len": 36,
          "max": 1.1790852084101817,
          "min": -1.1790852084101808
        },
        "y": {
          "len": 22,
          "max": 0.7778018853808171,
          "min": -0.7778018853808171
        },
        "z": {
          "len": 1,
          "max": 0.0,
          "min": 0.0
        }
      },
      "dims": [
        "x",
        "y",
        "z",
        "f",
        "mode_index"
      ],
      "dtype": "complex128",
      "norms_by_f_mode": [
        [
          {
            "l2": 1.105125134681878,
            "max_abs": 0.15378355519228432,
            "nonzero": 792
          },
          {
            "l2": 0.8137306030870641,
            "max_abs": 0.13982162281046365,
            "nonzero": 792
          },
          {
            "l2": 0.4787370406468517,
            "max_abs": 0.06792859946822129,
            "nonzero": 792
          }
        ]
      ],