{
  "case": {
    "case_id": "polyslab_sloped_sidewall",
    "description": "Z-propagating trapezoidal dielectric waveguide with sloped sidewalls.",
    "requires": [],
    "suite": "extended",
    "tags": [
      "axis:z",
      "geometry:polyslab",
      "sloped",
      "outside_80_target",
      "rasterization"
    ],
    "tolerances": {
      "field_rel": 1e-05,
      "n_complex_atol": 5e-08
    }
  },
  "environment": {
    "numpy": "2.4.4",
    "platform": "macOS-15.6-arm64-arm-64bit-Mach-O",
    "python": "3.13.9",
    "reference_solver_version": "2.11.2"
  },
  "fields": {
    "Ex": {
      "coords": {
        "f": {
          "len": 1,
          "max": 193414489032258.06,
          "min": 193414489032258.06
        },
        "mode_index": {
          "len": 2,
          "max": 1.0,
          "min": 0.0
        },
        "x": {
          "len": 35,
          "max": 1.1770833333333317,
          "min": -1.1770833333333333
        },
        "y": {
          "len": 22,
          "max": 0.7778018853808171,
          "min": -0.7778018853808171
        },
        "z": {
          "len": 1,
          "max": 0.0,
          "min": 0.0
        }
      },
      "dims": [
        "x",
        "y",
        "z",
        "f",
        "mode_index"
      ],
      "dtype": "complex128",
      "norms_by_f_mode": [
        [
          {
            "l2": 366.2839046684205,
            "max_abs": 60.544671403809225,
            "nonzero": 709
          },
          {
            "l2": 160.85060578501816,
            "max_abs": 24.911619824287598,
            "nonzero": 724
          }
        ]
      ],
      "shape": [
        35,
        22,
        1,
        1,
        2
      ]
    },
    "Ey": {
      "coords": {
        "f": {
          "len": 1,
          "max": 193414489032258.06,
          "min": 193414489032258.06
        },
        "mode_index": {
          "len": 2,
          "max": 1.0,
          "min": 0.0
        },
        "x": {
          "len": 35,
          "max": 1.1770833333333317,
          "min": -1.1770833333333333
        },
        "y": {
          "len": 22,
          "max": 0.7778018853808171,
          "min": -0.7778018853808171
        },
        "z": {
          "len": 1,
          "max": 0.0,
          "min": 0.0
        }
      },
      "dims": [
        "x",
        "y",
        "z",
        "f",
        "mode_index"
      ],
      "dtype": "complex128",
      "norms_by_f_mode": [
        [
          {
            "l2": 37.23787352532699,
            "max_abs": 8.6501580039965,
            "nonzero": 730
          },
          {
            "l2": 395.0367385624254,
            "max_abs": 49.04712439606747,
            "nonzero": 734
          }
        ]
      ],
      "shape": [
        35,
        22,
        1,
        1,
        2
      ]
    },
    "Ez": {
      "coords": {
        "f": {
          "len": 1,
          "max": 193414489032258.06,
          "min": 193414489032258.06
        },
        "mode_index": {
          "len": 2,
          "max": 1.0,
          "min": 0.0
        },
        "x": {
          "len": 35,
          "max": 1.1770833333333317,
          "min": -1.1770833333333333
        },
        "y": {
          "len": 22,
          "max": 0.7778018853808171,
          "min": -0.7778018853808171
        },
        "z": {
          "len": 1,
          "max": 0.0,
          "min": 0.0
        }
      },
      "dims": [
        "x",
        "y",
        "z",
        "f",
        "mode_index"
      ],
      "dtype": "complex128",
      "norms_by_f_mode": [
        [
          {
            "l2": 169.79636121924005,
            "max_abs": 24.62632553119648,
            "nonzero": 670
          },
          {
            "l2": 323.54535380497305,
            "max_abs": 51.73361003360114,
            "nonzero": 681
          }
        ]
      ],
      "shape": [
        35,
        22,
        1,
        1,
        2
      ]
    },
    "Hx": {
      "coords": {
        "f": {
          "len": 1,
          "max": 193414489032258.06,
          "min": 193414489032258.06
        },
        "mode_index": {
          "len": 2,
          "max": 1.0,
          "min": 0.0
        },
        "x": {
          "len": 35,
          "max": 1.1770833333333317,
          "min": -1.1770833333333333
        },
        "y": {
          "len": 22,
          "max": 0.7778018853808171,
          "min": -0.7778018853808171
        },
        "z": {
          "len": 1,
          "max": 0.0,
          "min": 0.0
        }
      },
      "dims": [
        "x",
        "y",
        "z",
        "f",
        "mode_index"
      ],
      "dtype": "complex128",
      "norms_by_f_mode": [
        [
          {
            "l2": 0.4782246497010439,
            "max_abs": 0.07884202211552796,
            "nonzero": 731
          },
          {
            "l2": 2.774723950119878,
            "max_abs": 0.4712667590937903,
            "nonzero": 735
          }
        ]
      ],
      "shape": [
        35,
        22,
        1,
        1,
        2
      ]
    },
    "Hy": {
      "coords": {
        "f": {
          "len": 1,
          "max": 193414489032258.06,
          "min": 193414489032258.06
        },
        "mode_index": {
          "len": 2,
          "max": 1.0,
          "min": 0.0
        },
        "x": {
          "len": 35,
          "max": 1.1770833333333317,
          "min": -1.1770833333333333
        },
        "y": {
          "len": 22,
          "max": 0.7778018853808171,
          "min": -0.7778018853808171
        },
        "z": {
          "len": 1,
          "max": 0.0,
          "min": 0.0
        }
      },
      "dims": [
        "x",
        "y",
        "z",
        "f",
        "mode_index"
      ],
      "dtype": "complex128",
      "norms_by_f_mode": [
        [
          {
            "l2": 2.9375552602839528,
            "max_abs": 0.5095741873424805,
            "nonzero": 708
          },
          {
            "l2": 1.202438137310685,
            "max_abs": 0.18694451358620073,
            "nonzero": 725
          }
        ]
      ],
      "shape": [
        35,
        22,
        1,
        1,
        2
      ]
    },
    "Hz": {
      "coords": {
        "f": {
          "len": 1,
          "max": 193414489032258.06,
          "min": 193414489032258.06
        },
        "mode_index": {
          "len": 2,
          "max": 1.0,
          "min": 0.0
        },
        "x": {
          "len": 35,
          "max": 1.1770833333333317,
          "min": -1.1770833333333333
        },
        "y": {
          "len": 22,
          "max": 0.7778018853808171,
          "min": -0.7778018853808171
        },
        "z": {
          "len": 1,
          "max": 0.0,
          "min": 0.0
        }
      },
      "dims": [
        "x",
        "y",
        "z",
        "f",
        "mode_index"
      ],
      "dtype": "complex128",
      "norms_by_f_mode": [
        [
          {
            "l2": 1.375078413443854,
            "max_abs": 0.20891734031848558,
            "nonzero": 770
          },
          {
            "l2": 1.0791895389570036,
            "max_abs": 0.1753823944172253,
            "nonzero": 770
          }
        ]
      ],
      "shape": [
        35,
        22,
        1,
        1,
        2
      ]
    }
  },
  "generated_at": "2026-05-15T23:12:02+00:00",
  "scalars": {
    "dispersion": null,
    "mode_area": {
      "coords": {
        "f": {
          "len": 1,
          "max": 193414489032258.06,
          "min": 193414489032258.06
        },
        "mode_index": {
          "len": 2,
          "max": 1.0,
          "min": 0.0
        }
      },
      "dims": [
        "f",
        "mode_index"
      ],
      "values": {
        "dtype": "float64",
        "shape": [
          1,
          2
        ],
        "values": [
          [
            0.184571857728106,
            0.40130207829851045
          ]
        ]
      }
    },