{
  "case": {
    "case_id": "sort_mode_area_te_filter",
    "description": "Mode sorting by effective mode area with TE-fraction metric evaluation.",
    "requires": [],
    "suite": "extended",
    "tags": [
      "axis:z",
      "sort:mode_area",
      "filter:TE_fraction",
      "dielectric"
    ],
    "tolerances": {
      "field_rel": 5e-05,
      "n_complex_atol": 5e-08
    }
  },
  "environment": {
    "numpy": "2.4.4",
    "platform": "macOS-15.6-arm64-arm-64bit-Mach-O",
    "python": "3.13.9",
    "reference_solver_version": "2.11.2"
  },
  "fields": {
    "Ex": {
      "coords": {
        "f": {
          "len": 1,
          "max": 193414489032258.06,
          "min": 193414489032258.06
        },
        "mode_index": {
          "len": 4,
          "max": 3.0,
          "min": 0.0
        },
        "x": {
          "len": 30,
          "max": 1.2423076923076928,
          "min": -1.2423076923076923
        },
        "y": {
          "len": 21,
          "max": 0.852214891611687,
          "min": -0.8522148916116872
        },
        "z": {
          "len": 1,
          "max": 0.0,
          "min": 0.0
        }
      },
      "dims": [
        "x",
        "y",
        "z",
        "f",
        "mode_index"
      ],
      "dtype": "complex128",
      "norms_by_f_mode": [
        [
          {
            "l2": 320.9369577946801,
            "max_abs": 48.85422801705508,
            "nonzero": 584
          },
          {
            "l2": 61.64728837433395,
            "max_abs": 11.016865623102495,
            "nonzero": 576
          },
          {
            "l2": 276.19119724216154,
            "max_abs": 34.40659035848745,
            "nonzero": 583
          },
          {
            "l2": 97.25820905393124,
            "max_abs": 15.800170842891987,
            "nonzero": 576
          }
        ]
      ],
      "shape": [
        30,
        21,
        1,
        1,
        4
      ]
    },
    "Ey": {
      "coords": {
        "f": {
          "len": 1,
          "max": 193414489032258.06,
          "min": 193414489032258.06
        },
        "mode_index": {
          "len": 4,
          "max": 3.0,
          "min": 0.0
        },
        "x": {
          "len": 30,
          "max": 1.2423076923076928,
          "min": -1.2423076923076923
        },
        "y": {
          "len": 21,
          "max": 0.852214891611687,
          "min": -0.8522148916116872
        },
        "z": {
          "len": 1,
          "max": 0.0,
          "min": 0.0
        }
      },
      "dims": [
        "x",
        "y",
        "z",
        "f",
        "mode_index"
      ],
      "dtype": "complex128",
      "norms_by_f_mode": [
        [
          {
            "l2": 30.32709726633925,
            "max_abs": 7.8027956155464535,
            "nonzero": 609
          },
          {
            "l2": 332.4596891765316,
            "max_abs": 37.1496944852671,
            "nonzero": 602
          },
          {
            "l2": 146.99123272035197,
            "max_abs": 16.64587042685567,
            "nonzero": 609
          },
          {
            "l2": 329.87271971176426,
            "max_abs": 30.46359248869395,
            "nonzero": 606
          }
        ]
      ],
      "shape": [
        30,
        21,
        1,
        1,
        4
      ]
    },
    "Ez": {
      "coords": {
        "f": {
          "len": 1,
          "max": 193414489032258.06,
          "min": 193414489032258.06
        },
        "mode_index": {
          "len": 4,
          "max": 3.0,
          "min": 0.0
        },
        "x": {
          "len": 30,
          "max": 1.2423076923076928,
          "min": -1.2423076923076923
        },
        "y": {
          "len": 21,
          "max": 0.852214891611687,
          "min": -0.8522148916116872
        },
        "z": {
          "len": 1,
          "max": 0.0,
          "min": 0.0
        }
      },
      "dims": [
        "x",
        "y",
        "z",
        "f",
        "mode_index"
      ],
      "dtype": "complex128",
      "norms_by_f_mode": [
        [
          {
            "l2": 136.87629611655913,
            "max_abs": 20.192977333578902,
            "nonzero": 563
          },
          {
            "l2": 206.29811517104136,
            "max_abs": 27.351276349140992,
            "nonzero": 551
          },
          {
            "l2": 160.8765273351146,
            "max_abs": 30.542473910564656,
            "nonzero": 552
          },
          {
            "l2": 106.4675950177779,
            "max_abs": 15.105349860678116,
            "nonzero": 553
          }
        ]
      ],
      "shape": [
        30,
        21,
        1,
        1,
        4
      ]
    },
    "Hx": {
      "coords": {
        "f": {
          "len": 1,
          "max": 193414489032258.06,
          "min": 193414489032258.06
        },
        "mode_index": {
          "len": 4,
          "max": 3.0,
          "min": 0.0
        },
        "x": {
          "len": 30,
          "max": 1.2423076923076928,
          "min": -1.2423076923076923
        },
        "y": {
          "len": 21,
          "max": 0.852214891611687,
          "min": -0.8522148916116872
        },
        "z": {
          "len": 1,
          "max": 0.0,
          "min": 0.0
        }
      },
      "dims": [
        "x",
        "y",
        "z",
        "f",
        "mode_index"
      ],
      "dtype": "complex128",
      "norms_by_f_mode": [
        [
          {
            "l2": 0.20658564729201623,
            "max_abs": 0.031190723017181086,
            "nonzero": 607
          },
          {
            "l2": 1.7193346645706382,
            "max_abs": 0.25145679505108437,
            "nonzero": 602
          },
          {
            "l2": 0.7005153304880212,
            "max_abs": 0.09179928966404496,
            "nonzero": 604
          },
          {
            "l2": 1.2293747834999862,
            "max_abs": 0.14364376541117102,
            "nonzero": 603
          }
        ]
      ],
      "shape": [
        30,
        21,
        1,
        1,
        4
      ]
    },
    "Hy": {
      "coords": {
        "f": {
          "len": 1,
          "max": 193414489032258.06,
          "min": 193414489032258.06
        },
        "mode_index": {
          "len": 4,
          "max": 3.0,
          "min": 0.0
        },
        "x": {
          "len": 30,
          "max": 1.2423076923076928,
          "min": -1.2423076923076923
        },
        "y": {
          "len": 21,
          "max": 0.852214891611687,
          "min": -0.8522148916116872
        },
        "z": {
          "len": 1,
          "max": 0.0,
          "min": 0.0
        }
      },
      "dims": [
        "x",
        "y",
        "z",
        "f",
        "mode_index"
      ],
      "dtype": "complex128",
      "norms_by_f_mode": [
        [
          {
            "l2": 1.7545364718338772,
            "max_abs": 0.2806402010804969,
            "nonzero": 579
          },
          {
            "l2": 0.0592170687099897,
            "max_abs": 0.013015392940853547,
            "nonzero": 576
          },
          {
            "l2": 1.3592635706927536,
            "max_abs": 0.1759775580192509,
            "nonzero": 587
          },
          {
            "l2": 0.08621536722034125,
            "max_abs": 0.013506031918083314,
            "nonzero": 579
          }
        ]
      ],
      "shape": [
        30,
        21,
        1,
        1,
        4
      ]
    },
    "Hz": {
      "coords": {
        "f": {
          "len": 1,
          "max": 193414489032258.06,
          "min": 193414489032258.06
        },
        "mode_index": {
          "len": 4,
          "max": 3.0,
          "min": 0.0
        },
        "x": {
          "len": 30,
          "max": 1.2423076923076928,
          "min": -1.2423076923076923
        },
        "y": {
          "len": 21,
          "max": 0.852214891611687,
          "min": -0.8522148916116872
        },